/*Here goes sql inserts*/
INSERT INTO users (id, address, created_on, email, name, password, pesel, role, surname, telephone) VALUES (1,'959 Grasskamp Way','2023-06-19 08:00:00','creilettigrasou-5531@yopmail.com','Maren','khgdsvf','88030782563','administrator','Benford','406-732-1702');
INSERT INTO users (id, address, created_on, email, name, password, pesel, role, surname, telephone) VALUES (2,'15 Hooker Trail','2023-06-19 08:00:00','fribreifogegeu-5091@yopmail.com','Beverley','hytabek','74092746036','receptionist','Dudgeon','297-933-2937');
INSERT INTO users (id, address, created_on, email, name, password, pesel, role, surname, telephone) VALUES (3,'65690 Orin Plaza','2023-06-19 08:00:00','neinnetroisoyu-3235@yopmail.com','Veronika','nytskrn','50100908429','doctor','Bosanko','845-547-1203');
INSERT INTO users (id, address, created_on, email, name, password, pesel, role, surname, telephone) VALUES (4,'9 Green Ridge Way','2023-06-19 08:00:00','graummotagroipra-9015@yopmail.com','Antonino','us6ghar','25010139436','doctor','Murrum','778-518-1019');
INSERT INTO users (id, address, created_on, email, name, password, pesel, role, surname, telephone) VALUES (5,'38789 Linden Junction','2023-06-19 08:00:00','xexoissezoutre-6591@yopmail.com','Lynelle','mjyt2b4','67091105607','doctor','Fitchet','503-444-4863');
INSERT INTO users (id, address, created_on, email, name, password, pesel, role, surname, telephone) VALUES (6,'9805 Homewood Hill','2023-06-19 08:00:00','wuppepevauxu-9147@yopmail.com','Katha','hntra45','67070516905','doctor','Tierney','903-222-7909');
INSERT INTO users (id, address, created_on, email, name, password, pesel, role, surname, telephone) VALUES (7,'0789 Annamark Plaza','2023-06-20 08:00:00','queufouniyeuto-6316@yopmail.com','Cathlene','nuyt35a','10300784104','doctor','Mathon','530-252-2150');
INSERT INTO users (id, address, created_on, email, name, password, pesel, role, surname, telephone) VALUES (8,'268 Norway Maple Circle','2023-06-20 08:00:00','loujoibroijapa-3212@yopmail.com','Cristobal','nytde34','87042500435','patient','Yoseloff','917-701-0053');
INSERT INTO users (id, address, created_on, email, name, password, pesel, role, surname, telephone) VALUES (9,'718 Shopko Terrace','2023-06-27 08:00:00','fravitretrawe-2529@yopmail.com','Julienne','u76tfrs','57060319720','patient','Pascoe','128-518-0762');
INSERT INTO users (id, address, created_on, email, name, password, pesel, role, surname, telephone) VALUES (10,'181 Anhalt Court','2023-06-23 08:00:00','jopeijoiffafri-7309@yopmail.com','Mina','btydmts','27091378593','patient','Snead','865-412-3372');
INSERT INTO users (id, address, created_on, email, name, password, pesel, role, surname, telephone) VALUES (11,'1 Grim Pass','2023-06-23 08:00:00','yimurirebre-7254@yopmail.com','Joete','vtyntys','05291253469','patient','Wenzel','381-748-6768');
INSERT INTO users (id, address, created_on, email, name, password, pesel, role, surname, telephone) VALUES (12,'30 Gale Drive','2023-06-23 08:00:00','hevaqueyaufri-4065@yopmail.com','Jake','nytsbts','36012515889','patient','Ginnell','652-762-4311');
INSERT INTO users (id, address, created_on, email, name, password, pesel, role, surname, telephone) VALUES (13,'57734 Morningstar Hill','2023-06-20 08:00:00','souyattebocreu-8268@yopmail.com','Anie','oi7d4g5','83091619357','patient','Petrosian','692-875-7804');
INSERT INTO users (id, address, created_on, email, name, password, pesel, role, surname, telephone) VALUES (14,'425 Jackson Avenue','2023-06-21 08:00:00','crocriwaupreiprou-2401@yopmail.com','Traver','nhyt543','68080168186','patient','MacMichael','933-952-2492');
INSERT INTO users (id, address, created_on, email, name, password, pesel, role, surname, telephone) VALUES (15,'2641 Lindbergh Parkway','2023-06-27 08:00:00','peddeitreiffougru-6624@yopmail.com','Cherin','p1kurag','92042211173','patient','Clapton','721-298-2268');
INSERT INTO users (id, address, created_on, email, name, password, pesel, role, surname, telephone) VALUES (16,'49 Clove Place','2023-06-20 08:00:00','pegroxexecoi-2845@yopmail.com','Gigi','98ghyts','26103161990','patient','Kaes','735-404-4304');
INSERT INTO users (id, address, created_on, email, name, password, pesel, role, surname, telephone) VALUES (17,'517 Westridge Drive','2023-06-21 08:00:00','lappalifrappi-5704@yopmail.com','Janifer','nhy7239','41042547023','patient','Twelftree','485-820-2482');
INSERT INTO users (id, address, created_on, email, name, password, pesel, role, surname, telephone) VALUES (18,'1 Calypso Center','2023-06-26 08:00:00','fouquelijaquo-4079@yopmail.com','Jammie','mnyatb3','04242176154','patient','Glowinski','705-579-0811');
INSERT INTO users (id, address, created_on, email, name, password, pesel, role, surname, telephone) VALUES (19,'5221 Norway Maple Hill','2023-06-23 08:00:00','jaunnapivarau-5481@yopmail.com','Lindy','nytafer','64012321306','patient','MacMeekan','579-487-5890');
INSERT INTO users (id, address, created_on, email, name, password, pesel, role, surname, telephone) VALUES (20,'28 Fairfield Lane','2023-06-26 08:00:00','loxammigruku-4645@yopmail.com','Pavlov','nytref5','03230210274','patient','Gadie','648-124-6452');
INSERT INTO users (id, address, created_on, email, name, password, pesel, role, surname, telephone) VALUES (21,'89277 Transport Pass','2023-06-26 08:00:00','zatraucoibeuke-7328@yopmail.com','Keane','nyt6728','40041380578','patient','Duester','304-305-3439');
INSERT INTO users (id, address, created_on, email, name, password, pesel, role, surname, telephone) VALUES (22,'7 Kinsman Plaza','2023-06-27 08:00:00','yeidamoijeprei-9488@yopmail.com','Nari','mnytag2','10321410833','patient','Le Count','754-545-0094');
INSERT INTO users (id, address, created_on, email, name, password, pesel, role, surname, telephone) VALUES (23,'05 Cardinal Point','2023-06-28 08:00:00','pevovizege-2793@yopmail.com','Minetta','moitf39','35011452854','patient','Rickell','839-829-0959');
INSERT INTO users (id, address, created_on, email, name, password, pesel, role, surname, telephone) VALUES (24,'857 Pawling Pass','2023-06-19 08:00:00','deijodduxufre-5664@yopmail.com','Shauna','nytrf56','99093001773','patient','Minihan','998-750-8602');
INSERT INTO users (id, address, created_on, email, name, password, pesel, role, surname, telephone) VALUES (25,'6 Delaware Alley','2023-06-28 08:00:00','majapewoummoi-3481@yopmail.com','Frankie','ntrg5j3','14241873464','patient','Blowen','384-397-6831');
INSERT INTO users (id, address, created_on, email, name, password, pesel, role, surname, telephone) VALUES (26,'55 Buell Lane','2023-06-27 08:00:00','vojupramoite-4506@yopmail.com','Billi','mnytge5','75120724200','patient','Butting','915-661-3200');
INSERT INTO users (id, address, created_on, email, name, password, pesel, role, surname, telephone) VALUES (27,'3 8th Park','2023-06-27 08:00:00','quenifrautteussa-5198@yopmail.com','Mattie','jagr678','58110121269','patient','Snepp','576-790-4180');
INSERT INTO users (id, address, created_on, email, name, password, pesel, role, surname, telephone) VALUES (28,'0156 Crowley Park','2023-06-28 08:00:00','reipiffoitrule-5164@yopmail.com','Miles','btrafe9','39090394186','patient','Valintine','543-603-3714');
INSERT INTO users (id, address, created_on, email, name, password, pesel, role, surname, telephone) VALUES (29,'88704 Bowman Pass','2023-06-28 08:00:00','tetteubrallipau-5324@yopmail.com','Jenna','nyxtsh4','93052859517','patient','Ellse','850-435-2210');
INSERT INTO users (id, address, created_on, email, name, password, pesel, role, surname, telephone) VALUES (30,'6622 Northview Lane','2023-06-28 08:00:00','zatinnifisoi-4852@yopmail.com','Moselle','brtety4','69071986907','patient','Thornton','115-502-2469');

INSERT INTO users_doctors (id, description, specialization, doctor_id) VALUES (1,'Thyroid disorders , Diabetes , Parathyroid gland, Adrenal gland disorders, Hypercholesterolemia , Hypogonadism','Endocrinologist',3);
INSERT INTO users_doctors (id, description, specialization, doctor_id) VALUES (2,'Hypertensive Heart Disease, Cardiomyopathy, Primary Amyloidosis, Heart Attack, and Cardiac Ablation','Cardiologist',4);
INSERT INTO users_doctors (id, description, specialization, doctor_id) VALUES (3,'Asthma, Anaphylaxis, Severe Combined Immunodeficiency (SCID), and Infantile Neutropenia','Allergy and Immunologist',5);
INSERT INTO users_doctors (id, description, specialization, doctor_id) VALUES (4,'Acne , Psoriasis , Skin cancer, Rosacea , Acne scars, Cosmetic dermatology','Dermatologist',6);
INSERT INTO users_doctors (id, description, specialization, doctor_id) VALUES (5,'Olfactory Neuroblastoma, Nonallergic Rhinopathy, Palatal Myoclonus, Perichondritis, and Endoscopy','Otolaryngologist',7);

INSERT INTO doctors_patients (id, doctor_id, patient_id) VALUES (1,3,8);
INSERT INTO doctors_patients (id, doctor_id, patient_id) VALUES (2,4,9);
INSERT INTO doctors_patients (id, doctor_id, patient_id) VALUES (3,5,10);
INSERT INTO doctors_patients (id, doctor_id, patient_id) VALUES (4,6,11);
INSERT INTO doctors_patients (id, doctor_id, patient_id) VALUES (5,7,12);
INSERT INTO doctors_patients (id, doctor_id, patient_id) VALUES (6,3,13);
INSERT INTO doctors_patients (id, doctor_id, patient_id) VALUES (7,4,14);
INSERT INTO doctors_patients (id, doctor_id, patient_id) VALUES (8,5,15);
INSERT INTO doctors_patients (id, doctor_id, patient_id) VALUES (9,6,16);
INSERT INTO doctors_patients (id, doctor_id, patient_id) VALUES (10,7,17);
INSERT INTO doctors_patients (id, doctor_id, patient_id) VALUES (11,3,18);
INSERT INTO doctors_patients (id, doctor_id, patient_id) VALUES (12,3,19);
INSERT INTO doctors_patients (id, doctor_id, patient_id) VALUES (13,4,20);
INSERT INTO doctors_patients (id, doctor_id, patient_id) VALUES (14,4,21);
INSERT INTO doctors_patients (id, doctor_id, patient_id) VALUES (15,4,22);
INSERT INTO doctors_patients (id, doctor_id, patient_id) VALUES (16,5,23);
INSERT INTO doctors_patients (id, doctor_id, patient_id) VALUES (17,5,24);
INSERT INTO doctors_patients (id, doctor_id, patient_id) VALUES (18,6,25);
INSERT INTO doctors_patients (id, doctor_id, patient_id) VALUES (19,7,26);
INSERT INTO doctors_patients (id, doctor_id, patient_id) VALUES (20,7,27);
INSERT INTO doctors_patients (id, doctor_id, patient_id) VALUES (21,7,28);
INSERT INTO doctors_patients (id, doctor_id, patient_id) VALUES (22,3,29);
INSERT INTO doctors_patients (id, doctor_id, patient_id) VALUES (23,4,30);
INSERT INTO doctors_patients (id, doctor_id, patient_id) VALUES (24,5,8);
INSERT INTO doctors_patients (id, doctor_id, patient_id) VALUES (25,6,9);
INSERT INTO doctors_patients (id, doctor_id, patient_id) VALUES (26,7,10);
INSERT INTO doctors_patients (id, doctor_id, patient_id) VALUES (27,3,11);
INSERT INTO doctors_patients (id, doctor_id, patient_id) VALUES (28,4,12);
INSERT INTO doctors_patients (id, doctor_id, patient_id) VALUES (29,5,13);
INSERT INTO doctors_patients (id, doctor_id, patient_id) VALUES (30,6,14);

INSERT INTO users_settings (id, darkMode, user_id) VALUES (1,0,1);
INSERT INTO users_settings (id, darkMode, user_id) VALUES (2,0,2);
INSERT INTO users_settings (id, darkMode, user_id) VALUES (3,1,3);
INSERT INTO users_settings (id, darkMode, user_id) VALUES (4,1,4);
INSERT INTO users_settings (id, darkMode, user_id) VALUES (5,0,5);
INSERT INTO users_settings (id, darkMode, user_id) VALUES (6,0,6);
INSERT INTO users_settings (id, darkMode, user_id) VALUES (7,1,7);
INSERT INTO users_settings (id, darkMode, user_id) VALUES (8,1,8);
INSERT INTO users_settings (id, darkMode, user_id) VALUES (9,1,9);
INSERT INTO users_settings (id, darkMode, user_id) VALUES (10,1,10);
INSERT INTO users_settings (id, darkMode, user_id) VALUES (11,1,11);
INSERT INTO users_settings (id, darkMode, user_id) VALUES (12,0,12);
INSERT INTO users_settings (id, darkMode, user_id) VALUES (13,0,13);
INSERT INTO users_settings (id, darkMode, user_id) VALUES (14,0,14);
INSERT INTO users_settings (id, darkMode, user_id) VALUES (15,0,15);
INSERT INTO users_settings (id, darkMode, user_id) VALUES (16,0,16);
INSERT INTO users_settings (id, darkMode, user_id) VALUES (17,0,17);
INSERT INTO users_settings (id, darkMode, user_id) VALUES (18,0,18);
INSERT INTO users_settings (id, darkMode, user_id) VALUES (19,0,19);
INSERT INTO users_settings (id, darkMode, user_id) VALUES (20,1,20);
INSERT INTO users_settings (id, darkMode, user_id) VALUES (21,1,21);
INSERT INTO users_settings (id, darkMode, user_id) VALUES (22,1,22);
INSERT INTO users_settings (id, darkMode, user_id) VALUES (23,0,23);
INSERT INTO users_settings (id, darkMode, user_id) VALUES (24,1,24);
INSERT INTO users_settings (id, darkMode, user_id) VALUES (25,0,25);
INSERT INTO users_settings (id, darkMode, user_id) VALUES (26,1,26);
INSERT INTO users_settings (id, darkMode, user_id) VALUES (27,1,27);
INSERT INTO users_settings (id, darkMode, user_id) VALUES (28,1,28);
INSERT INTO users_settings (id, darkMode, user_id) VALUES (29,1,29);
INSERT INTO users_settings (id, darkMode, user_id) VALUES (30,1,30);

INSERT INTO visits (id, appointment_on, created_on, description, title, doctor_patient_id) VALUES (1,'2023-07-03 10:00:00','2023-06-19 08:00:00','First visit. Medical consultation.','First visit.',1);
INSERT INTO visits (id, appointment_on, created_on, description, title, doctor_patient_id) VALUES (2,'2023-07-03 10:00:00','2023-06-19 08:00:00','First visit. Medical consultation.','First visit.',2);
INSERT INTO visits (id, appointment_on, created_on, description, title, doctor_patient_id) VALUES (3,'2023-07-03 10:00:00','2023-06-19 08:00:00','First visit. Medical consultation.','First visit.',3);
INSERT INTO visits (id, appointment_on, created_on, description, title, doctor_patient_id) VALUES (4,'2023-07-03 10:00:00','2023-06-19 08:00:00','First visit. Medical consultation.','First visit.',4);
INSERT INTO visits (id, appointment_on, created_on, description, title, doctor_patient_id) VALUES (5,'2023-07-03 10:00:00','2023-06-19 08:00:00','First visit. Medical consultation.','First visit.',5);
INSERT INTO visits (id, appointment_on, created_on, description, title, doctor_patient_id) VALUES (6,'2023-07-03 11:00:00','2023-06-19 08:00:00','First visit. Medical consultation.','First visit.',6);
INSERT INTO visits (id, appointment_on, created_on, description, title, doctor_patient_id) VALUES (7,'2023-07-04 10:00:00','2023-06-20 08:00:00','First visit. Medical consultation.','First visit.',7);
INSERT INTO visits (id, appointment_on, created_on, description, title, doctor_patient_id) VALUES (8,'2023-07-04 10:00:00','2023-06-20 08:00:00','First visit. Medical consultation.','First visit.',8);
INSERT INTO visits (id, appointment_on, created_on, description, title, doctor_patient_id) VALUES (9,'2023-07-03 11:00:00','2023-06-27 08:00:00','First visit. Medical consultation.','First visit.',9);
INSERT INTO visits (id, appointment_on, created_on, description, title, doctor_patient_id) VALUES (10,'2023-07-07 10:00:00','2023-06-23 08:00:00','First visit. Medical consultation.','First visit.',10);
INSERT INTO visits (id, appointment_on, created_on, description, title, doctor_patient_id) VALUES (11,'2023-07-07 10:00:00','2023-06-23 08:00:00','First visit. Medical consultation.','First visit.',11);
INSERT INTO visits (id, appointment_on, created_on, description, title, doctor_patient_id) VALUES (12,'2023-07-07 11:00:00','2023-06-23 08:00:00','First visit. Medical consultation.','First visit.',12);
INSERT INTO visits (id, appointment_on, created_on, description, title, doctor_patient_id) VALUES (13,'2023-07-04 11:00:00','2023-06-20 08:00:00','First visit. Medical consultation.','First visit.',13);
INSERT INTO visits (id, appointment_on, created_on, description, title, doctor_patient_id) VALUES (14,'2023-07-05 10:00:00','2023-06-21 08:00:00','First visit. Medical consultation.','First visit.',14);
INSERT INTO visits (id, appointment_on, created_on, description, title, doctor_patient_id) VALUES (15,'2023-07-11 10:00:00','2023-06-27 08:00:00','First visit. Medical consultation.','First visit.',15);
INSERT INTO visits (id, appointment_on, created_on, description, title, doctor_patient_id) VALUES (16,'2023-07-04 11:00:00','2023-06-20 08:00:00','First visit. Medical consultation.','First visit.',16);
INSERT INTO visits (id, appointment_on, created_on, description, title, doctor_patient_id) VALUES (17,'2023-07-05 10:00:00','2023-06-21 08:00:00','First visit. Medical consultation.','First visit.',17);
INSERT INTO visits (id, appointment_on, created_on, description, title, doctor_patient_id) VALUES (18,'2023-07-10 10:00:00','2023-06-26 08:00:00','First visit. Medical consultation.','First visit.',18);
INSERT INTO visits (id, appointment_on, created_on, description, title, doctor_patient_id) VALUES (19,'2023-07-07 11:00:00','2023-06-23 08:00:00','First visit. Medical consultation.','First visit.',19);
INSERT INTO visits (id, appointment_on, created_on, description, title, doctor_patient_id) VALUES (20,'2023-07-10 10:00:00','2023-06-26 08:00:00','First visit. Medical consultation.','First visit.',20);
INSERT INTO visits (id, appointment_on, created_on, description, title, doctor_patient_id) VALUES (21,'2023-07-10 11:00:00','2023-06-26 08:00:00','First visit. Medical consultation.','First visit.',21);
INSERT INTO visits (id, appointment_on, created_on, description, title, doctor_patient_id) VALUES (22,'2023-07-11 10:00:00','2023-06-27 08:00:00','First visit. Medical consultation.','First visit.',22);
INSERT INTO visits (id, appointment_on, created_on, description, title, doctor_patient_id) VALUES (23,'2023-07-12 10:00:00','2023-06-28 08:00:00','First visit. Medical consultation.','First visit.',23);
INSERT INTO visits (id, appointment_on, created_on, description, title, doctor_patient_id) VALUES (24,'2023-07-03 11:00:00','2023-06-19 08:00:00','First visit. Medical consultation.','First visit.',24);
INSERT INTO visits (id, appointment_on, created_on, description, title, doctor_patient_id) VALUES (25,'2023-07-12 10:00:00','2023-06-28 08:00:00','First visit. Medical consultation.','First visit.',25);
INSERT INTO visits (id, appointment_on, created_on, description, title, doctor_patient_id) VALUES (26,'2023-07-11 10:00:00','2023-06-27 08:00:00','First visit. Medical consultation.','First visit.',26);
INSERT INTO visits (id, appointment_on, created_on, description, title, doctor_patient_id) VALUES (27,'2023-07-11 11:00:00','2023-06-27 08:00:00','First visit. Medical consultation.','First visit.',27);
INSERT INTO visits (id, appointment_on, created_on, description, title, doctor_patient_id) VALUES (28,'2023-07-12 11:00:00','2023-06-28 08:00:00','First visit. Medical consultation.','First visit.',28);
INSERT INTO visits (id, appointment_on, created_on, description, title, doctor_patient_id) VALUES (29,'2023-07-12 10:00:00','2023-06-28 08:00:00','First visit. Medical consultation.','First visit.',29);
INSERT INTO visits (id, appointment_on, created_on, description, title, doctor_patient_id) VALUES (30,'2023-07-12 11:00:00','2023-06-28 08:00:00','First visit. Medical consultation.','First visit.',30);

INSERT INTO tasks (id, created_on, description, finished_on, status, title, doctor_patient_id) VALUES (1,'2023-06-30 10:00:00','Please bring your ID and medical documentation to the visit if the treatment has been started at another clinic. If you have any questions, please contact us at the chat below.',NULL,'unfinished','First visit.',1);
INSERT INTO tasks (id, created_on, description, finished_on, status, title, doctor_patient_id) VALUES (2,'2023-06-30 10:00:00','Please bring your ID and medical documentation to the visit if the treatment has been started at another clinic. If you have any questions, please contact us at the chat below.',NULL,'unfinished','First visit.',2);
INSERT INTO tasks (id, created_on, description, finished_on, status, title, doctor_patient_id) VALUES (3,'2023-06-30 10:00:00','Please bring your ID and medical documentation to the visit if the treatment has been started at another clinic. If you have any questions, please contact us at the chat below.',NULL,'unfinished','First visit.',3);
INSERT INTO tasks (id, created_on, description, finished_on, status, title, doctor_patient_id) VALUES (4,'2023-06-30 10:00:00','Please bring your ID and medical documentation to the visit if the treatment has been started at another clinic. If you have any questions, please contact us at the chat below.',NULL,'unfinished','First visit.',4);
INSERT INTO tasks (id, created_on, description, finished_on, status, title, doctor_patient_id) VALUES (5,'2023-06-30 10:00:00','Please bring your ID and medical documentation to the visit if the treatment has been started at another clinic. If you have any questions, please contact us at the chat below.',NULL,'unfinished','First visit.',5);
INSERT INTO tasks (id, created_on, description, finished_on, status, title, doctor_patient_id) VALUES (6,'2023-06-30 11:00:00','Please bring your ID and medical documentation to the visit if the treatment has been started at another clinic. If you have any questions, please contact us at the chat below.',NULL,'unfinished','First visit.',6);
INSERT INTO tasks (id, created_on, description, finished_on, status, title, doctor_patient_id) VALUES (7,'2023-07-03 10:00:00','Please bring your ID and medical documentation to the visit if the treatment has been started at another clinic. If you have any questions, please contact us at the chat below.',NULL,'unfinished','First visit.',7);
INSERT INTO tasks (id, created_on, description, finished_on, status, title, doctor_patient_id) VALUES (8,'2023-07-03 10:00:00','Please bring your ID and medical documentation to the visit if the treatment has been started at another clinic. If you have any questions, please contact us at the chat below.',NULL,'unfinished','First visit.',8);
INSERT INTO tasks (id, created_on, description, finished_on, status, title, doctor_patient_id) VALUES (9,'2023-06-30 11:00:00','Please bring your ID and medical documentation to the visit if the treatment has been started at another clinic. If you have any questions, please contact us at the chat below.',NULL,'unfinished','First visit.',9);
INSERT INTO tasks (id, created_on, description, finished_on, status, title, doctor_patient_id) VALUES (10,'2023-07-06 10:00:00','Please bring your ID and medical documentation to the visit if the treatment has been started at another clinic. If you have any questions, please contact us at the chat below.',NULL,'unfinished','First visit.',10);
INSERT INTO tasks (id, created_on, description, finished_on, status, title, doctor_patient_id) VALUES (11,'2023-07-06 10:00:00','Please bring your ID and medical documentation to the visit if the treatment has been started at another clinic. If you have any questions, please contact us at the chat below.',NULL,'unfinished','First visit.',11);
INSERT INTO tasks (id, created_on, description, finished_on, status, title, doctor_patient_id) VALUES (12,'2023-07-06 11:00:00','Please bring your ID and medical documentation to the visit if the treatment has been started at another clinic. If you have any questions, please contact us at the chat below.',NULL,'unfinished','First visit.',12);
INSERT INTO tasks (id, created_on, description, finished_on, status, title, doctor_patient_id) VALUES (13,'2023-07-03 11:00:00','Please bring your ID and medical documentation to the visit if the treatment has been started at another clinic. If you have any questions, please contact us at the chat below.',NULL,'unfinished','First visit.',13);
INSERT INTO tasks (id, created_on, description, finished_on, status, title, doctor_patient_id) VALUES (14,'2023-07-04 10:00:00','Please bring your ID and medical documentation to the visit if the treatment has been started at another clinic. If you have any questions, please contact us at the chat below.',NULL,'unfinished','First visit.',14);
INSERT INTO tasks (id, created_on, description, finished_on, status, title, doctor_patient_id) VALUES (15,'2023-07-10 10:00:00','Please bring your ID and medical documentation to the visit if the treatment has been started at another clinic. If you have any questions, please contact us at the chat below.',NULL,'unfinished','First visit.',15);
INSERT INTO tasks (id, created_on, description, finished_on, status, title, doctor_patient_id) VALUES (16,'2023-07-03 11:00:00','Please bring your ID and medical documentation to the visit if the treatment has been started at another clinic. If you have any questions, please contact us at the chat below.',NULL,'unfinished','First visit.',16);
INSERT INTO tasks (id, created_on, description, finished_on, status, title, doctor_patient_id) VALUES (17,'2023-07-04 10:00:00','Please bring your ID and medical documentation to the visit if the treatment has been started at another clinic. If you have any questions, please contact us at the chat below.',NULL,'unfinished','First visit.',17);
INSERT INTO tasks (id, created_on, description, finished_on, status, title, doctor_patient_id) VALUES (18,'2023-07-07 10:00:00','Please bring your ID and medical documentation to the visit if the treatment has been started at another clinic. If you have any questions, please contact us at the chat below.',NULL,'unfinished','First visit.',18);
INSERT INTO tasks (id, created_on, description, finished_on, status, title, doctor_patient_id) VALUES (19,'2023-07-06 11:00:00','Please bring your ID and medical documentation to the visit if the treatment has been started at another clinic. If you have any questions, please contact us at the chat below.',NULL,'unfinished','First visit.',19);
INSERT INTO tasks (id, created_on, description, finished_on, status, title, doctor_patient_id) VALUES (20,'2023-07-07 10:00:00','Please bring your ID and medical documentation to the visit if the treatment has been started at another clinic. If you have any questions, please contact us at the chat below.',NULL,'unfinished','First visit.',20);
INSERT INTO tasks (id, created_on, description, finished_on, status, title, doctor_patient_id) VALUES (21,'2023-07-07 11:00:00','Please bring your ID and medical documentation to the visit if the treatment has been started at another clinic. If you have any questions, please contact us at the chat below.',NULL,'unfinished','First visit.',21);
INSERT INTO tasks (id, created_on, description, finished_on, status, title, doctor_patient_id) VALUES (22,'2023-07-10 10:00:00','Please bring your ID and medical documentation to the visit if the treatment has been started at another clinic. If you have any questions, please contact us at the chat below.',NULL,'unfinished','First visit.',22);
INSERT INTO tasks (id, created_on, description, finished_on, status, title, doctor_patient_id) VALUES (23,'2023-07-11 10:00:00','Please bring your ID and medical documentation to the visit if the treatment has been started at another clinic. If you have any questions, please contact us at the chat below.',NULL,'unfinished','First visit.',23);
INSERT INTO tasks (id, created_on, description, finished_on, status, title, doctor_patient_id) VALUES (24,'2023-06-30 11:00:00','Please bring your ID and medical documentation to the visit if the treatment has been started at another clinic. If you have any questions, please contact us at the chat below.',NULL,'unfinished','First visit.',24);
INSERT INTO tasks (id, created_on, description, finished_on, status, title, doctor_patient_id) VALUES (25,'2023-07-11 10:00:00','Please bring your ID and medical documentation to the visit if the treatment has been started at another clinic. If you have any questions, please contact us at the chat below.',NULL,'unfinished','First visit.',25);
INSERT INTO tasks (id, created_on, description, finished_on, status, title, doctor_patient_id) VALUES (26,'2023-07-10 10:00:00','Please bring your ID and medical documentation to the visit if the treatment has been started at another clinic. If you have any questions, please contact us at the chat below.',NULL,'unfinished','First visit.',26);
INSERT INTO tasks (id, created_on, description, finished_on, status, title, doctor_patient_id) VALUES (27,'2023-07-10 10:00:00','Please bring your ID and medical documentation to the visit if the treatment has been started at another clinic. If you have any questions, please contact us at the chat below.',NULL,'unfinished','First visit.',27);
INSERT INTO tasks (id, created_on, description, finished_on, status, title, doctor_patient_id) VALUES (28,'2023-07-11 11:00:00','Please bring your ID and medical documentation to the visit if the treatment has been started at another clinic. If you have any questions, please contact us at the chat below.',NULL,'unfinished','First visit.',28);
INSERT INTO tasks (id, created_on, description, finished_on, status, title, doctor_patient_id) VALUES (29,'2023-07-11 09:00:00','Please bring your ID and medical documentation to the visit if the treatment has been started at another clinic. If you have any questions, please contact us at the chat below.',NULL,'unfinished','First visit.',29);
INSERT INTO tasks (id, created_on, description, finished_on, status, title, doctor_patient_id) VALUES (30,'2023-07-11 11:00:00','Please bring your ID and medical documentation to the visit if the treatment has been started at another clinic. If you have any questions, please contact us at the chat below.',NULL,'unfinished','First visit.',30);

INSERT INTO messages (id, created_on, message, task_id, sender_id) VALUES (1,'2023-06-30 10:10:00','Good morning. I am Dr. Veronika Bosanko. If you have any questions, please let me know in the chat.',1,3);
INSERT INTO messages (id, created_on, message, task_id, sender_id) VALUES (2,'2023-06-30 10:10:00','Good morning. I am Dr. Antonino Murrum. If you have any questions, please let me know in the chat.',2,4);
INSERT INTO messages (id, created_on, message, task_id, sender_id) VALUES (3,'2023-06-30 10:10:00','Good morning. I am Dr. Lynelle Fitchet. If you have any questions, please let me know in the chat.',3,5);
INSERT INTO messages (id, created_on, message, task_id, sender_id) VALUES (4,'2023-06-30 10:10:00','Good morning. I am Dr. Katha Tierney. If you have any questions, please let me know in the chat.',4,6);
INSERT INTO messages (id, created_on, message, task_id, sender_id) VALUES (5,'2023-06-30 10:10:00','Good morning. I am Dr. Cathlene Mathon. If you have any questions, please let me know in the chat.',5,7);
INSERT INTO messages (id, created_on, message, task_id, sender_id) VALUES (6,'2023-06-30 11:10:00','Good morning. I am Dr. Veronika Bosanko. If you have any questions, please let me know in the chat.',6,3);
INSERT INTO messages (id, created_on, message, task_id, sender_id) VALUES (7,'2023-07-03 10:10:00','Good morning. I am Dr. Antonino Murrum. If you have any questions, please let me know in the chat.',7,4);
INSERT INTO messages (id, created_on, message, task_id, sender_id) VALUES (8,'2023-07-03 10:10:00','Good morning. I am Dr. Lynelle Fitchet. If you have any questions, please let me know in the chat.',8,5);
INSERT INTO messages (id, created_on, message, task_id, sender_id) VALUES (9,'2023-06-30 11:10:00','Good morning. I am Dr. Katha Tierney. If you have any questions, please let me know in the chat.',9,6);
INSERT INTO messages (id, created_on, message, task_id, sender_id) VALUES (10,'2023-07-06 10:10:00','Good morning. I am Dr. Cathlene Mathon. If you have any questions, please let me know in the chat.',10,7);
INSERT INTO messages (id, created_on, message, task_id, sender_id) VALUES (11,'2023-07-06 10:10:00','Good morning. I am Dr. Veronika Bosanko. If you have any questions, please let me know in the chat.',11,3);
INSERT INTO messages (id, created_on, message, task_id, sender_id) VALUES (12,'2023-07-06 11:10:00','Good morning. I am Dr. Veronika Bosanko. If you have any questions, please let me know in the chat.',12,3);
INSERT INTO messages (id, created_on, message, task_id, sender_id) VALUES (13,'2023-07-03 11:10:00','Good morning. I am Dr. Antonino Murrum. If you have any questions, please let me know in the chat.',13,4);
INSERT INTO messages (id, created_on, message, task_id, sender_id) VALUES (14,'2023-07-04 10:10:00','Good morning. I am Dr. Antonino Murrum. If you have any questions, please let me know in the chat.',14,4);
INSERT INTO messages (id, created_on, message, task_id, sender_id) VALUES (15,'2023-07-10 10:10:00','Good morning. I am Dr. Antonino Murrum. If you have any questions, please let me know in the chat.',15,4);
INSERT INTO messages (id, created_on, message, task_id, sender_id) VALUES (16,'2023-07-03 11:10:00','Good morning. I am Dr. Lynelle Fitchet. If you have any questions, please let me know in the chat.',16,5);
INSERT INTO messages (id, created_on, message, task_id, sender_id) VALUES (17,'2023-07-04 10:10:00','Good morning. I am Dr. Lynelle Fitchet. If you have any questions, please let me know in the chat.',17,5);
INSERT INTO messages (id, created_on, message, task_id, sender_id) VALUES (18,'2023-07-07 10:10:00','Good morning. I am Dr. Katha Tierney. If you have any questions, please let me know in the chat.',18,6);
INSERT INTO messages (id, created_on, message, task_id, sender_id) VALUES (19,'2023-07-06 11:10:00','Good morning. I am Dr. Cathlene Mathon. If you have any questions, please let me know in the chat.',19,7);
INSERT INTO messages (id, created_on, message, task_id, sender_id) VALUES (20,'2023-07-07 10:10:00','Good morning. I am Dr. Cathlene Mathon. If you have any questions, please let me know in the chat.',20,7);
INSERT INTO messages (id, created_on, message, task_id, sender_id) VALUES (21,'2023-07-07 11:10:00','Good morning. I am Dr. Cathlene Mathon. If you have any questions, please let me know in the chat.',21,7);
INSERT INTO messages (id, created_on, message, task_id, sender_id) VALUES (22,'2023-07-10 10:10:00','Good morning. I am Dr. Veronika Bosanko. If you have any questions, please let me know in the chat.',22,3);
INSERT INTO messages (id, created_on, message, task_id, sender_id) VALUES (23,'2023-07-11 10:10:00','Good morning. I am Dr. Antonino Murrum. If you have any questions, please let me know in the chat.',23,4);
INSERT INTO messages (id, created_on, message, task_id, sender_id) VALUES (24,'2023-06-30 11:10:00','Good morning. I am Dr. Antonino Murrum. If you have any questions, please let me know in the chat.',24,4);
INSERT INTO messages (id, created_on, message, task_id, sender_id) VALUES (25,'2023-07-11 10:10:00','Good morning. I am Dr. Katha Tierney. If you have any questions, please let me know in the chat.',25,6);
INSERT INTO messages (id, created_on, message, task_id, sender_id) VALUES (26,'2023-07-10 10:10:00','Good morning. I am Dr. Cathlene Mathon. If you have any questions, please let me know in the chat.',26,7);
INSERT INTO messages (id, created_on, message, task_id, sender_id) VALUES (27,'2023-07-10 10:10:00','Good morning. I am Dr. Veronika Bosanko. If you have any questions, please let me know in the chat.',27,3);
INSERT INTO messages (id, created_on, message, task_id, sender_id) VALUES (30,'2023-07-11 11:10:00','Good morning. I am Dr. Katha Tierney. If you have any questions, please let me know in the chat.',30,6);
INSERT INTO messages (id, created_on, message, task_id, sender_id) VALUES (28,'2023-07-11 11:10:00','Good morning. I am Dr. Antonino Murrum. If you have any questions, please let me know in the chat.',28,4);
INSERT INTO messages (id, created_on, message, task_id, sender_id) VALUES (29,'2023-07-11 09:10:00','Good morning. I am Dr. Lynelle Fitchet. If you have any questions, please let me know in the chat.',29,5);







